ID,x1,x2,x3,x4,x5,x6,x7,x8,x9,x10,x11,x12,y1,y2,y3,y4,y5,y6,y7,y8,sex
1,4,3,4,3,5,4,4,4,2,3,3,2,2,3,2,2,2,4,4,2,1
2,4,3,3,4,4,4,5,3,2,3,2,4,4,5,2,3,3,4,4,3,1
3,4,4,3,3,3,4,3,3,3,4,3,3,4,4,3,3,3,3,4,2,1
4,4,4,4,4,4,4,4,4,3,5,4,4,3,3,2,3,4,4,4,3,1
5,4,3,3,3,4,4,4,4,3,2,2,2,3,3,3,2,3,3,3,3,1
6,4,3,3,3,4,4,3,4,3,3,4,2,2,3,4,4,3,4,3,4,1
7,3,3,3,3,4,4,2,3,4,5,4,3,2,2,1,1,4,2,4,3,1
8,4,4,4,4,5,4,4,4,5,5,5,5,5,5,5,5,5,5,5,5,1
9,4,4,4,4,5,5,3,4,3,5,3,4,3,3,2,3,2,3,4,4,1
10,4,4,4,4,5,5,4,4,4,5,3,4,3,4,4,3,4,3,4,4,1
11,4,3,4,4,3,4,3,3,3,4,1,1,3,3,2,2,3,5,4,2,1
12,4,3,3,4,3,4,4,3,4,3,5,4,3,4,4,3,3,5,4,3,1
13,5,5,5,5,5,5,5,5,3,3,1,5,3,4,3,3,3,5,5,2,1
14,3,3,3,4,3,3,3,3,4,3,4,4,3,3,3,3,4,3,4,2,1
15,3,3,4,3,3,3,3,3,4,5,5,4,5,5,4,4,5,4,5,3,1
16,3,2,2,3,4,4,4,4,3,2,1,1,2,2,3,5,3,3,4,1,1
17,4,5,5,4,4,5,5,5,4,3,2,2,4,5,5,4,4,4,4,4,1
18,4,3,4,3,4,4,3,3,5,5,4,4,4,4,3,4,5,1,5,3,1
19,2,3,3,4,3,3,3,3,3,3,2,2,3,3,3,3,3,3,3,2,1
20,4,2,4,4,3,3,3,5,4,5,3,4,3,4,5,5,5,5,5,1,1
21,4,4,5,5,4,4,3,4,4,4,3,4,4,4,5,4,4,4,4,4,1
22,4,4,3,3,2,3,4,3,3,3,3,3,4,3,3,2,2,3,3,3,1
23,4,4,4,4,4,4,3,3,3,3,3,3,3,2,2,2,3,3,3,3,1
24,5,5,4,5,5,5,5,4,4,4,5,4,4,3,5,3,4,5,4,4,1
25,3,3,3,3,3,3,3,3,3,3,3,3,3,3,3,3,4,3,4,2,1
26,5,5,5,5,4,5,5,5,5,4,4,5,5,5,5,4,5,5,5,5,1
27,4,4,2,3,4,5,3,2,3,4,3,2,5,4,3,2,3,2,4,2,1
28,2,3,1,2,3,4,2,3,4,5,4,1,2,4,3,2,1,3,2,5,1
29,3,3,3,3,4,3,4,4,5,2,3,3,1,3,3,2,4,3,3,3,1
30,4,3,4,2,3,3,3,3,4,4,4,3,3,2,2,2,3,3,3,3,1
31,4,3,4,3,3,3,3,2,4,4,4,4,3,2,2,2,3,4,3,2,1
32,3,3,4,4,4,4,3,3,4,3,3,3,3,3,2,3,4,3,3,2,1
33,3,3,3,3,3,3,2,2,3,3,3,3,3,2,2,2,3,3,4,3,1
34,3,3,3,3,4,4,4,4,3,3,4,4,2,2,1,2,4,4,3,2,1
35,3,3,2,4,3,3,2,3,3,3,4,4,3,3,2,2,5,3,4,3,1
36,3,4,4,4,3,4,4,3,4,5,4,4,3,2,3,2,4,4,4,2,1
37,4,4,4,4,5,5,5,5,4,3,3,3,5,5,5,5,5,5,5,5,1
38,3,4,2,3,2,2,2,1,3,3,3,4,4,3,3,2,4,4,3,3,1
39,3,3,4,4,3,4,4,4,3,4,3,4,2,2,2,3,3,4,3,2,1
40,5,5,5,5,3,5,3,3,3,3,3,3,2,1,3,3,3,4,5,1,1
41,3,4,3,4,3,2,2,2,3,4,4,4,4,2,1,1,3,3,3,2,1
42,4,4,4,4,5,5,5,5,5,2,3,4,5,5,5,5,5,5,5,5,1
43,4,3,4,3,4,3,3,3,4,4,4,3,3,2,2,2,3,3,4,3,1
44,3,3,3,3,3,3,2,2,3,4,3,3,3,2,2,2,3,3,3,2,1
45,3,3,3,4,5,4,3,3,4,5,3,3,3,2,2,1,3,5,3,2,1
46,3,3,3,3,5,5,5,5,2,3,3,3,5,5,5,5,5,5,3,4,1
47,5,5,5,5,5,5,3,4,3,3,5,5,3,3,3,3,4,5,5,3,1
48,1,1,1,1,4,4,4,5,1,1,2,3,4,5,4,5,4,3,3,3,1
49,2,2,2,2,2,3,2,1,1,1,3,2,3,3,2,2,3,1,2,3,1
50,2,4,5,4,3,2,2,3,4,3,1,2,1,2,3,4,4,5,3,1,1
51,1,1,1,1,2,2,1,1,1,1,1,1,1,3,3,3,2,3,1,3,1
52,1,1,1,1,3,3,3,3,3,3,3,3,2,3,1,1,4,4,3,2,1
53,3,3,4,4,4,4,3,3,4,4,3,2,4,3,2,3,4,4,4,2,1
54,4,4,4,3,3,3,3,4,3,4,4,4,3,3,3,4,3,3,3,3,1
55,1,1,1,1,1,3,3,3,2,2,2,3,2,3,3,2,3,3,3,2,1
56,1,1,1,1,2,2,1,2,3,4,4,2,3,5,2,5,3,2,3,2,1
57,3,3,4,5,3,3,3,4,4,4,4,4,2,3,3,1,4,4,4,2,1
58,3,4,2,2,1,1,3,2,4,2,3,5,2,4,3,5,1,4,3,2,1
59,2,3,3,3,4,4,4,4,3,3,4,3,3,3,4,3,3,4,4,1,1
60,4,4,4,4,3,3,3,4,4,4,4,4,4,4,4,3,4,4,4,3,1
61,1,1,1,1,5,4,4,4,3,5,4,4,4,4,5,5,4,3,3,3,1
62,2,2,3,2,2,3,2,2,2,3,2,3,3,2,2,2,2,2,2,2,1
63,4,3,3,4,5,5,4,4,4,3,3,3,5,4,3,3,4,5,3,3,1
64,5,5,4,5,4,5,5,5,4,4,5,5,5,5,5,5,5,5,4,4,1
65,3,4,3,3,4,4,3,2,4,4,3,3,2,2,2,3,4,5,3,2,1
66,3,3,3,3,4,4,3,3,4,3,5,5,3,3,3,2,3,4,3,3,1
67,4,4,3,3,4,4,4,4,3,4,5,5,3,4,3,3,4,4,4,3,1
68,5,5,5,5,4,4,4,4,4,4,4,4,3,3,3,3,4,4,4,3,1
69,4,3,3,3,5,4,3,3,2,2,4,3,2,3,2,2,3,4,4,2,1
70,3,3,3,3,3,3,3,3,4,4,3,3,3,3,3,3,3,3,3,1,1
71,3,3,3,3,3,3,3,3,4,3,4,2,2,3,3,4,3,2,4,2,1
72,2,4,3,2,2,3,3,3,4,2,3,5,1,1,4,2,3,3,5,1,1
73,2,3,3,3,2,3,3,2,3,4,3,2,1,1,1,1,1,2,3,4,1
74,4,4,4,3,2,3,3,2,2,3,4,3,3,3,2,2,4,3,3,4,1
75,3,3,4,3,4,3,4,3,4,3,4,3,3,2,3,4,5,4,3,3,1
76,4,3,4,3,3,3,4,4,4,3,3,4,3,3,2,3,3,2,3,2,1
77,3,3,4,3,2,2,3,4,4,3,4,3,5,4,3,3,3,2,2,3,1
78,3,4,3,4,3,2,3,5,3,3,4,4,3,2,4,3,3,4,3,2,1
79,2,3,3,3,2,4,3,1,4,5,2,2,4,2,3,3,1,2,3,4,1
80,3,3,4,3,3,3,3,3,3,3,3,3,3,4,3,3,3,3,3,3,1
81,2,1,2,2,2,1,1,2,2,2,2,2,3,2,2,1,2,2,2,2,1
82,5,5,5,5,4,3,4,3,4,4,4,4,5,5,5,5,4,3,4,4,1
83,4,5,5,4,2,2,1,5,4,4,3,2,3,5,4,5,5,4,3,2,1
84,2,3,4,5,5,4,3,2,1,2,3,4,5,4,3,2,1,2,3,4,1
85,4,4,4,4,3,3,3,3,4,3,2,3,4,2,2,2,4,3,4,3,1
86,2,2,3,4,2,3,4,4,3,3,2,3,4,4,4,4,3,5,5,5,1
87,4,4,4,5,4,3,4,4,4,5,5,5,3,3,4,4,3,3,3,5,1
88,3,3,3,3,3,3,3,3,3,2,3,3,3,3,3,3,4,3,4,3,1
89,3,3,2,2,4,4,3,3,4,4,3,2,2,1,1,1,2,3,2,3,1
90,5,5,3,2,3,4,5,2,2,3,5,1,1,2,3,4,4,3,2,4,1
91,3,4,3,4,4,4,3,3,3,4,4,4,3,3,4,2,3,3,3,3,1
92,1,1,1,1,1,1,1,1,1,1,1,1,2,1,2,2,1,1,1,2,1
93,2,2,2,2,3,2,2,1,4,4,3,2,5,4,2,2,3,3,3,4,1
94,3,3,3,3,3,3,3,3,4,4,5,3,1,2,1,1,1,1,1,2,1
95,4,3,3,3,4,4,3,3,3,3,3,3,3,3,3,2,3,3,3,3,1
96,3,3,3,3,3,3,3,3,3,3,3,3,3,3,3,3,4,4,4,3,1
97,3,3,3,4,4,3,3,4,4,4,4,5,3,4,2,3,3,3,4,4,1
98,4,3,4,4,4,4,5,3,4,4,4,3,4,4,5,5,3,5,4,5,1
99,4,4,4,3,4,4,4,4,4,4,4,3,3,3,3,4,4,3,3,3,1
100,3,3,2,3,2,2,3,4,1,3,2,4,3,3,2,3,1,1,2,3,1
101,5,5,5,5,5,5,5,5,4,5,5,5,4,3,3,3,2,3,5,3,1
102,5,5,5,5,5,5,3,3,4,4,4,3,3,3,3,3,3,3,3,2,1
103,3,3,3,2,4,4,3,4,2,3,3,3,3,2,3,2,3,4,3,3,1
104,3,3,3,3,5,5,5,5,2,1,3,4,5,5,5,5,5,5,5,5,1
105,3,4,3,4,4,4,3,4,4,5,4,4,3,3,4,4,3,4,5,2,1
106,5,5,5,5,5,5,5,5,5,5,5,5,5,5,5,5,5,5,5,3,1
107,3,4,4,5,3,4,4,4,2,1,2,2,3,2,1,2,1,2,2,4,1
108,3,3,3,3,4,4,3,4,3,4,4,4,4,3,3,3,3,3,4,3,1
109,4,4,4,4,5,5,5,5,4,4,5,4,5,5,5,5,5,5,5,5,1
110,5,5,5,5,4,4,4,4,4,4,4,4,4,4,4,4,4,4,4,3,1
111,3,3,2,3,3,3,3,2,2,4,4,3,2,3,4,3,4,4,4,2,1
112,2,3,3,3,2,3,1,4,2,3,3,3,4,4,2,2,2,1,4,1,1
113,3,3,3,3,4,4,3,4,3,3,4,4,3,3,3,3,3,2,3,3,1
114,5,5,5,5,5,5,5,5,1,1,1,1,3,3,4,2,5,5,5,4,1
115,4,3,2,1,5,5,5,5,3,5,5,5,5,5,5,5,5,1,4,5,1
116,4,4,5,3,4,4,3,3,4,5,4,4,3,3,4,4,4,3,3,2,1
117,4,4,4,4,4,3,3,5,4,3,3,3,4,3,4,3,4,3,3,3,1
118,4,5,5,5,5,5,5,5,5,5,4,3,2,2,2,5,5,3,4,2,1
119,4,4,5,4,4,3,3,3,4,2,2,2,2,3,1,2,4,2,5,3,1
120,3,3,4,4,4,4,3,3,3,3,3,2,2,3,2,2,3,3,3,3,1
121,3,4,4,3,2,2,2,2,2,3,2,2,1,1,2,1,3,4,1,2,1
122,5,4,5,5,4,4,4,4,4,4,4,4,4,4,3,3,4,4,4,4,1
123,5,5,5,5,5,5,5,5,4,5,4,4,3,3,4,2,5,2,3,2,1
124,4,5,4,5,5,5,4,5,3,4,5,3,3,4,4,4,4,5,5,3,1
125,5,5,4,5,4,4,4,4,3,3,3,3,2,2,2,2,3,3,3,4,1
126,5,5,5,5,5,5,5,5,3,3,3,3,3,4,5,5,3,3,3,4,1
127,5,5,5,3,5,5,3,1,5,3,1,3,3,3,5,5,5,5,3,3,1
128,4,3,4,3,4,4,3,3,4,4,3,3,3,2,3,2,4,3,4,3,1
129,4,4,4,5,4,4,4,4,4,5,5,5,5,5,5,5,5,5,4,4,1
130,3,3,3,3,4,3,5,3,3,4,3,4,3,4,3,3,4,3,3,3,1
131,2,3,2,3,1,5,4,3,5,2,5,3,2,3,4,4,2,3,3,3,1
132,1,1,1,1,1,1,1,1,1,1,1,1,1,1,1,1,1,1,1,1,1
133,5,3,5,5,5,3,3,3,4,5,5,5,5,3,3,3,5,3,3,5,1
134,5,5,5,5,5,5,3,3,5,5,5,5,3,3,1,1,4,3,5,1,1
135,4,4,4,4,5,5,4,5,4,5,4,5,5,4,4,3,4,4,4,4,1
136,4,4,4,4,4,5,4,5,4,3,4,3,3,3,4,3,4,2,4,3,1
137,4,4,4,4,2,3,3,3,4,4,3,3,4,3,2,2,3,4,4,3,1
138,4,3,3,2,3,3,3,3,2,2,3,3,4,4,3,3,3,3,3,2,1
139,4,4,4,4,4,4,4,4,3,4,3,3,3,4,3,3,3,2,4,4,1
140,4,4,3,2,5,5,5,5,4,4,4,3,5,5,4,5,3,5,4,5,1
141,4,4,4,4,5,5,5,5,4,4,4,4,4,4,4,4,4,5,4,4,1
142,3,5,3,3,5,4,3,3,3,4,4,5,5,4,5,5,4,4,3,3,1
143,3,3,3,3,5,5,4,5,3,5,4,5,5,4,5,5,4,4,3,2,1
144,4,4,5,3,3,3,2,2,4,4,3,2,3,4,3,2,3,4,5,2,1
145,4,3,4,3,4,4,3,3,3,3,3,4,3,3,3,3,4,3,4,3,1
146,4,3,2,2,3,3,3,2,3,5,3,2,2,3,1,4,4,5,4,3,1
147,5,5,4,3,5,5,5,5,3,3,3,4,2,3,2,2,3,4,4,2,1
148,4,4,4,4,4,4,4,4,4,4,3,3,3,3,3,3,4,4,4,3,1
149,3,4,3,5,4,3,2,2,4,4,4,3,2,3,2,2,3,3,3,4,1
150,3,3,4,4,4,4,4,4,3,4,4,4,4,4,3,4,4,3,3,3,1
151,3,3,3,3,4,4,4,3,4,4,2,2,3,3,2,2,2,2,3,2,1
152,4,4,5,5,4,5,4,3,4,4,4,4,3,3,2,2,3,4,4,3,1
153,5,4,4,5,5,5,5,5,5,5,3,3,4,4,3,4,3,4,4,4,1
154,5,3,3,4,5,5,5,5,3,5,3,3,3,5,5,3,5,3,4,5,1
155,4,4,5,3,4,5,4,3,3,5,5,5,4,5,3,5,5,4,4,4,1
156,3,3,2,4,4,4,3,4,4,4,3,4,4,4,4,4,4,5,5,4,1
157,4,4,4,5,3,4,3,2,4,3,3,2,2,5,4,1,4,2,4,2,1
158,5,4,4,3,5,5,5,4,3,3,2,3,2,3,1,3,4,3,5,3,1
159,3,3,3,3,4,4,3,4,3,3,3,2,4,4,3,3,4,4,3,4,1
160,4,4,4,5,4,3,3,3,5,5,5,5,3,3,2,3,3,4,3,2,1
161,4,4,4,3,3,3,3,3,4,4,4,4,3,3,4,3,4,4,4,3,1
162,5,4,4,4,4,4,4,4,4,5,5,5,5,4,2,3,4,4,4,2,1
163,3,4,4,4,4,4,3,3,3,3,3,3,3,3,3,3,3,3,3,4,1
164,3,2,2,3,3,4,3,3,2,4,4,4,3,4,2,3,4,2,3,4,1
165,3,3,4,4,3,3,3,2,4,3,2,3,2,3,3,2,4,4,3,2,1
166,3,5,5,5,3,3,3,3,4,4,3,3,2,3,1,2,3,3,3,1,1
167,5,4,4,5,5,5,4,5,4,4,4,5,4,3,3,4,5,5,4,4,1
168,3,2,2,3,3,2,3,4,2,4,3,4,1,2,1,3,4,2,3,1,1
169,4,5,5,4,4,4,4,4,4,4,4,4,3,4,2,3,5,5,5,4,1
170,3,3,4,4,5,5,5,5,2,3,4,4,5,4,3,5,3,5,2,5,1
171,4,3,3,3,4,4,4,4,3,3,3,3,4,4,4,4,4,4,5,4,1
172,5,3,5,5,4,4,3,5,4,4,2,3,3,2,3,3,3,3,4,2,1
173,2,4,3,2,4,4,3,3,2,2,3,3,3,3,3,2,3,4,2,3,1
174,4,4,5,4,5,4,4,4,4,4,3,3,4,3,4,3,5,5,4,3,1
175,5,3,5,5,3,3,4,5,4,5,3,1,2,3,1,2,4,2,5,1,1
176,4,4,4,3,3,3,2,3,3,4,4,4,3,4,4,3,3,4,3,4,1
177,4,4,3,4,5,5,4,5,4,5,5,4,3,3,4,3,4,5,4,4,1
178,5,4,4,5,5,4,3,4,3,4,4,4,5,4,3,4,4,5,4,3,1
179,5,5,4,4,5,4,4,5,5,5,5,4,4,5,3,4,4,4,4,4,1
180,3,3,2,4,4,3,3,2,4,4,4,3,3,3,3,3,4,3,3,3,1
181,3,3,4,3,5,5,5,5,4,4,5,5,4,5,4,3,4,5,4,4,1
182,3,4,4,5,4,4,4,4,3,2,3,3,5,4,5,4,4,4,4,5,1
183,3,3,4,3,3,3,3,3,4,4,4,3,3,3,3,4,4,4,4,3,1
184,4,5,5,4,5,5,5,5,3,5,4,5,5,5,5,4,5,4,4,4,1
185,4,4,4,4,5,4,3,4,5,4,4,5,4,4,3,3,4,4,4,4,1
186,3,3,4,2,5,5,5,5,3,3,3,2,3,2,2,2,4,3,3,2,1
187,4,4,3,3,4,4,4,4,3,3,3,3,5,2,1,1,3,5,4,1,1
188,5,4,5,5,4,4,4,4,5,4,4,4,4,4,3,4,4,4,5,4,1
189,2,3,2,2,1,5,4,4,2,2,3,3,2,3,3,3,4,4,5,3,1
190,4,4,3,2,5,5,4,4,4,4,4,4,3,2,2,3,4,3,4,3,1
191,4,5,5,5,5,5,5,5,5,5,5,5,5,5,5,5,5,5,5,5,1
192,4,3,3,3,4,4,4,4,3,3,3,3,4,4,4,4,4,4,4,3,1
193,2,2,2,2,4,4,3,3,2,2,3,3,5,5,5,4,5,5,5,5,1
194,4,4,4,4,4,3,3,3,1,1,2,2,3,4,2,2,3,3,3,3,1
195,3,3,2,2,3,2,2,3,2,2,2,2,4,3,3,3,4,2,2,4,1
196,4,3,4,4,5,4,3,4,4,3,3,2,3,4,3,4,3,3,3,4,1
197,3,3,3,4,4,4,3,3,3,3,4,4,4,4,3,4,4,4,4,4,1
198,4,4,3,4,4,4,5,5,5,4,4,4,4,4,4,4,4,4,4,4,1
199,4,5,5,4,3,3,3,2,2,4,3,4,3,3,3,3,3,2,2,2,1
200,3,3,3,4,3,3,3,3,4,3,3,2,3,4,3,3,3,4,3,2,1
201,3,3,3,4,4,4,3,4,3,4,5,4,2,2,3,2,4,3,3,4,1
202,5,5,5,5,4,5,5,5,5,5,5,5,3,5,4,2,5,5,5,3,1
203,3,3,3,3,3,3,3,2,3,3,3,3,2,2,2,2,3,2,3,1,1
204,3,3,4,3,4,4,2,3,4,3,3,4,3,4,2,4,4,4,4,4,1
205,4,4,4,4,4,4,4,4,3,4,4,4,2,2,2,2,3,4,4,3,1
206,4,3,3,5,3,3,3,3,4,3,3,3,3,2,2,2,3,3,3,1,1
207,3,4,3,3,4,3,3,3,2,3,2,2,4,4,2,2,3,3,2,2,1
208,3,3,3,3,4,4,4,4,3,3,3,3,3,3,3,3,3,3,3,3,1
209,4,4,3,5,2,4,3,2,1,2,2,2,3,4,2,4,1,4,3,2,1
210,4,4,4,4,3,3,3,3,4,4,4,4,4,4,2,3,4,3,3,4,1
211,3,4,5,4,3,4,4,4,3,3,3,3,2,1,1,1,3,3,4,2,1
212,3,3,4,3,2,3,4,3,2,2,3,3,4,3,3,2,3,4,2,3,1
213,3,4,3,3,3,4,3,2,2,2,2,3,4,4,3,2,4,4,4,4,1
214,3,3,2,3,2,2,3,3,4,4,3,4,3,3,2,2,2,3,2,2,1
215,2,3,2,2,2,2,2,2,2,3,2,2,1,1,2,1,2,1,2,3,1
216,4,4,4,4,4,3,3,4,4,4,4,4,3,3,3,2,4,4,4,3,1
217,4,4,4,4,5,5,5,5,4,4,4,4,4,4,4,5,4,4,4,5,1
218,4,5,4,5,5,5,5,5,4,5,5,3,5,4,5,4,5,5,4,5,1
219,4,4,4,4,3,4,3,3,3,4,3,3,3,3,3,3,3,4,3,3,1
220,3,2,3,2,3,2,2,2,3,2,2,2,3,2,3,2,3,2,3,1,1
221,3,3,3,4,3,4,3,3,4,3,4,2,3,4,3,3,4,4,4,4,1
222,4,3,4,4,3,3,3,3,3,4,5,4,4,4,3,3,4,3,3,3,1
223,5,5,5,5,5,5,5,4,4,4,4,4,4,4,3,5,4,5,5,4,1
224,4,4,5,4,4,4,5,4,4,4,3,4,4,3,3,3,3,3,4,3,1
225,4,4,4,4,3,4,3,4,4,4,4,4,4,3,2,2,3,2,2,4,1
226,4,3,4,5,4,4,3,4,3,3,4,3,2,3,2,1,4,3,4,3,1
227,5,3,5,5,4,4,5,4,5,5,4,3,3,4,2,2,3,2,3,3,1
228,3,3,3,3,3,3,3,3,3,3,3,3,3,3,3,3,4,4,3,3,1
229,4,4,3,3,4,4,4,4,4,3,3,3,4,3,3,3,4,4,3,2,1
230,4,4,4,4,4,4,4,4,4,4,4,4,4,4,4,4,4,4,4,4,1
231,4,4,4,4,4,4,3,4,4,3,3,4,3,4,3,3,4,4,3,3,1
232,3,4,2,4,3,2,2,3,4,4,2,5,3,4,4,3,3,4,5,5,1
233,5,4,4,3,4,4,4,4,3,4,3,4,4,3,3,4,4,3,3,5,1
234,4,3,3,3,3,4,3,3,4,2,2,2,4,4,1,3,4,4,3,3,1
235,4,3,4,4,5,4,4,4,3,3,2,2,3,3,3,3,3,3,4,5,1
236,4,4,4,3,4,4,4,5,3,4,4,4,3,3,3,3,3,5,4,4,1
237,4,4,4,4,4,4,4,4,5,5,5,5,3,3,3,3,3,4,4,4,1
238,5,3,5,4,4,4,4,4,2,3,2,1,1,3,2,3,3,3,4,1,1
239,4,4,3,4,5,5,5,5,4,4,3,2,3,3,3,3,4,4,4,4,1
240,4,4,5,4,4,4,4,3,4,5,5,3,3,3,2,3,5,4,4,4,1
241,3,3,4,4,3,4,3,4,4,4,3,4,3,4,4,4,4,4,4,4,1
242,3,2,2,2,3,3,3,3,4,4,4,4,3,4,4,3,3,3,3,4,1
243,3,2,3,2,3,3,3,3,4,4,4,4,4,2,2,2,4,3,3,2,1
244,3,4,3,3,4,3,2,3,3,3,3,3,3,3,3,3,4,4,3,3,1
245,3,4,4,4,3,4,4,4,3,2,2,3,4,3,4,3,4,3,3,2,1
246,3,3,3,3,3,3,3,3,3,3,3,4,4,3,4,3,4,4,4,3,1
247,4,4,4,4,4,5,4,5,4,4,3,4,3,3,3,3,4,4,4,4,1
248,3,4,4,4,4,4,4,4,4,4,4,3,3,3,3,3,4,4,4,4,1
249,4,4,4,4,3,4,3,3,3,3,3,3,3,4,3,3,3,4,3,4,1
250,4,4,3,3,3,4,3,4,3,4,2,2,2,3,3,4,4,4,4,3,1
251,3,3,3,4,3,3,3,3,4,3,2,3,3,4,2,2,4,3,3,2,1
252,3,4,1,2,2,4,1,3,2,3,3,3,4,3,2,4,2,3,4,3,1
253,3,3,3,3,3,3,2,2,4,3,3,2,4,4,1,3,4,4,4,3,1
254,4,4,3,4,5,5,5,5,3,3,5,5,3,1,3,2,3,3,3,3,1
255,3,3,3,3,4,4,4,4,3,3,4,4,3,3,3,3,4,4,4,3,1
256,4,4,5,3,4,4,3,4,3,4,3,3,3,3,4,3,3,4,3,3,1
257,4,4,4,4,4,4,4,4,4,4,3,4,3,3,3,4,4,4,4,4,1
258,4,4,3,4,3,4,4,3,3,4,4,4,3,4,3,3,4,4,4,4,1
259,4,3,3,3,3,4,3,3,3,4,3,3,3,3,4,3,3,4,3,4,1
260,4,4,5,5,4,4,4,3,5,5,4,4,3,3,3,3,4,4,4,3,1
261,3,3,4,4,3,4,4,4,3,3,3,3,4,4,4,3,4,3,3,4,1
262,3,4,2,3,2,3,3,3,3,4,4,4,3,3,2,2,3,3,3,4,1
263,3,4,3,3,2,2,1,3,4,3,3,3,5,2,3,3,3,2,4,5,1
264,3,4,3,3,4,4,4,3,3,3,3,3,3,4,3,3,3,3,3,4,1
265,4,4,3,5,4,5,4,5,3,4,4,4,3,3,3,3,3,4,5,2,1
266,3,3,3,4,5,4,4,4,3,3,4,4,3,3,4,3,4,3,4,3,1
267,3,3,3,3,4,3,3,3,4,3,2,3,4,3,2,2,3,2,4,4,1
268,4,4,4,4,4,4,3,4,4,4,4,3,4,3,3,3,3,3,4,4,1
269,4,5,5,4,5,5,5,5,4,4,3,4,4,4,4,3,4,3,4,3,1
270,4,4,4,4,4,3,4,3,4,4,4,4,4,4,4,3,3,4,4,3,1
271,4,3,3,3,2,2,3,2,3,3,3,3,3,4,2,2,4,4,3,2,1
272,4,3,3,3,5,4,4,4,3,3,4,4,3,4,3,4,4,4,4,3,1
273,5,4,4,5,3,3,4,5,4,3,4,3,4,4,3,5,3,4,4,4,1
274,5,5,5,4,4,4,4,5,5,5,5,5,4,4,5,5,5,5,5,5,1
275,4,5,5,5,5,5,4,5,5,5,5,5,4,4,4,5,5,5,5,4,1
276,4,4,5,5,5,5,5,4,4,4,4,4,4,4,4,4,4,4,4,4,1
277,5,5,5,5,5,5,5,4,4,4,4,5,4,4,4,4,4,4,4,4,1
278,4,4,4,4,5,4,4,4,3,4,4,2,3,3,3,3,4,4,4,3,1
279,4,3,4,4,4,4,4,4,5,4,4,4,4,4,4,3,4,4,3,4,1
280,4,4,4,5,4,4,4,4,4,5,4,3,3,3,4,3,4,3,4,4,1
281,5,5,5,5,5,5,4,4,4,5,4,4,4,4,4,5,4,4,5,4,1
282,4,5,5,5,5,5,5,5,5,4,4,4,5,5,5,4,5,5,4,4,1
283,5,5,4,4,5,5,5,5,4,4,5,5,4,4,4,4,4,3,4,5,1
284,5,5,4,5,5,5,4,5,5,4,4,5,5,5,5,5,4,4,5,5,1
285,5,5,5,5,5,4,5,5,5,5,5,5,4,4,5,5,5,5,5,4,1
286,5,5,5,5,5,5,5,5,5,4,4,5,4,4,3,4,4,4,4,4,1
287,5,4,4,4,5,5,5,5,5,5,5,4,4,4,4,3,4,4,4,3,1
288,3,3,3,4,4,4,3,4,4,4,3,4,4,4,4,4,4,3,4,4,1
289,3,4,4,4,4,4,3,4,4,4,4,3,4,4,4,4,4,3,4,4,1
290,3,4,4,4,3,3,3,2,4,4,4,3,4,3,3,2,3,3,3,3,1
291,3,3,3,4,3,3,3,2,4,4,3,3,4,3,3,2,3,3,3,3,1
292,2,2,3,3,4,4,4,3,3,3,2,3,3,4,4,3,3,3,3,4,1
293,4,4,3,4,3,3,3,4,4,2,3,2,4,4,3,3,4,3,4,4,1
294,4,4,4,3,3,3,3,3,4,4,3,3,4,4,2,3,4,4,4,3,1
295,4,3,3,3,4,3,3,3,4,3,3,3,4,3,3,3,4,3,3,4,1
296,3,3,4,4,4,4,3,4,4,3,3,3,4,3,3,4,4,4,4,4,1
297,4,3,3,4,4,4,3,3,4,3,3,3,4,3,3,3,4,3,4,4,1
298,3,3,4,4,4,4,4,3,4,4,3,4,4,4,4,3,4,4,4,4,1
299,3,3,2,3,3,3,2,2,2,3,3,3,4,4,3,3,3,3,2,3,1
300,3,3,3,2,3,3,3,2,2,3,3,3,4,4,4,4,4,3,3,4,1
301,3,4,4,5,3,4,4,3,2,3,3,2,4,3,3,2,4,4,4,2,1
302,4,3,3,4,3,3,2,3,3,3,3,3,2,3,3,3,3,3,3,3,1
303,4,5,5,5,5,5,5,5,4,4,5,4,4,4,4,4,5,5,5,4,1
304,4,4,4,4,3,4,3,3,4,4,4,5,4,4,4,4,4,4,4,3,1
305,4,4,4,5,3,4,4,3,3,3,3,3,3,4,3,3,4,2,3,2,1
306,3,3,3,3,4,4,4,4,3,3,4,4,3,3,3,4,2,3,3,3,1
307,4,4,4,3,3,3,3,3,4,4,4,3,3,3,2,3,4,3,4,3,1
308,3,3,3,3,3,4,4,4,4,2,2,3,3,3,3,3,2,2,2,4,1
309,2,3,3,3,2,3,3,3,4,4,4,4,3,4,4,4,3,4,3,2,1
310,4,5,4,4,4,4,4,5,4,4,4,5,4,4,4,4,5,4,4,4,1
311,3,3,3,4,3,3,2,3,4,4,3,3,3,3,3,3,4,3,3,3,1
312,3,2,2,3,4,4,3,3,2,3,3,3,4,4,4,4,4,3,3,4,1
313,4,4,3,3,3,3,3,3,3,4,4,4,4,4,4,4,4,4,3,4,1
314,3,3,3,3,3,3,2,2,3,4,3,3,4,4,3,4,4,3,3,4,1
315,3,3,3,4,4,4,3,3,3,4,4,3,4,4,4,3,3,4,3,4,1
316,3,3,2,3,2,3,2,2,3,3,3,3,3,3,3,3,4,3,3,3,1
317,3,4,3,4,4,4,3,3,3,3,3,3,4,4,3,3,4,4,3,4,1
318,4,3,4,4,4,4,4,4,3,4,4,4,4,4,3,3,4,3,3,4,1
319,3,4,4,4,4,4,3,3,4,4,3,3,4,4,4,4,4,3,3,4,1
320,4,3,3,4,3,3,3,3,4,4,4,4,4,3,3,3,4,3,3,3,1
321,4,4,4,4,4,4,3,3,4,4,4,3,4,4,4,4,4,4,3,4,1
322,3,4,4,4,3,4,3,3,4,4,4,3,4,4,4,3,4,3,3,4,1
323,3,4,4,4,4,4,3,3,4,4,4,4,4,4,4,3,4,4,4,4,1
324,4,3,3,4,3,3,3,2,3,4,4,4,4,3,3,3,3,3,3,3,1
325,4,4,4,4,3,4,3,2,5,4,4,5,4,4,5,2,4,3,4,4,1
326,3,3,3,4,4,4,3,3,4,3,4,4,4,4,4,3,4,3,4,4,1
327,2,3,3,3,4,3,3,2,3,3,3,3,3,3,3,3,4,3,3,4,1
328,3,3,3,3,4,4,3,3,4,4,3,3,4,4,4,3,3,3,4,3,1
329,3,4,4,4,4,4,3,3,4,4,4,3,4,4,3,3,4,3,3,4,1
330,3,3,3,4,4,4,3,3,4,4,3,3,4,4,4,3,4,3,4,4,1
331,3,1,1,1,3,4,3,3,3,3,3,3,3,2,2,2,3,3,4,3,1
332,3,3,3,3,4,3,3,3,3,3,2,2,3,3,2,2,3,3,3,3,1
333,4,4,4,4,5,4,3,4,4,4,4,4,4,3,3,3,2,4,4,4,1
334,4,4,4,4,3,4,3,3,5,5,4,4,4,3,1,2,4,4,4,2,1
335,3,3,3,3,4,3,3,3,4,4,4,4,4,4,4,4,4,4,4,3,1
336,3,3,4,3,4,4,4,4,4,4,2,2,4,4,5,4,3,4,4,5,1
337,3,3,3,3,4,4,4,3,2,2,2,2,4,4,3,4,4,4,4,3,1
338,4,4,4,4,4,4,4,4,4,4,4,4,3,3,4,3,3,4,4,3,1
339,4,3,4,4,4,2,2,3,3,4,4,4,2,2,2,2,2,3,4,1,1
340,3,3,3,4,4,4,4,4,4,4,4,4,4,4,5,4,4,4,4,4,1
341,3,4,4,4,4,4,3,4,4,4,4,4,4,3,4,3,3,4,4,2,1
342,3,3,3,3,3,3,3,3,3,3,3,3,4,4,3,3,3,4,3,3,1
343,2,2,2,4,3,3,3,3,2,4,4,4,4,3,2,2,3,4,4,1,1
344,3,4,4,5,3,3,3,4,4,4,4,4,2,2,3,2,3,4,4,2,1
345,2,2,2,2,2,2,2,2,2,2,2,2,2,2,1,2,2,4,1,2,1
346,3,3,3,4,4,4,4,4,4,4,4,4,4,4,4,4,4,4,4,4,1
347,4,4,4,4,2,2,2,2,4,4,4,4,1,1,1,1,3,4,4,1,1
348,2,3,3,3,4,3,3,3,4,4,4,3,4,3,4,3,3,4,4,2,1
349,3,3,3,3,4,4,3,3,3,2,2,2,4,4,3,5,4,4,4,4,1
350,4,4,4,4,4,4,4,4,4,4,4,4,4,4,4,4,4,4,4,3,1
351,5,5,5,5,4,4,3,3,4,4,4,4,4,4,4,4,4,4,4,4,1
352,4,4,4,4,4,3,4,3,4,3,4,3,4,4,5,3,4,5,3,3,1
353,4,4,4,4,4,4,4,4,4,4,4,4,4,4,4,4,4,4,4,4,1
354,4,3,3,3,4,4,4,4,4,4,4,4,4,3,3,3,3,2,3,4,1
355,3,3,2,3,3,3,3,3,2,2,3,3,3,3,3,3,2,2,2,3,1
356,3,3,4,3,4,4,3,3,3,3,3,4,3,4,4,3,3,4,4,4,1
357,3,4,5,5,4,3,4,4,3,4,4,4,4,3,3,3,3,3,4,3,1
358,4,3,4,3,3,3,4,4,4,3,5,3,3,5,4,3,4,3,5,4,1
359,4,4,4,4,4,4,4,4,5,4,4,4,4,4,3,3,4,4,4,4,1
360,4,4,4,4,4,4,5,4,4,4,5,4,4,5,4,4,4,4,3,4,1
361,4,4,4,4,4,4,4,4,4,4,4,4,4,4,4,4,4,4,4,4,2
362,3,4,4,4,5,5,5,5,4,4,4,4,4,4,3,3,4,4,4,4,2
363,4,4,4,4,4,4,4,4,4,4,4,4,4,5,4,4,3,3,3,3,2
364,4,4,5,5,4,4,4,4,4,4,4,4,4,4,4,4,4,5,5,3,2
365,4,4,4,4,3,3,4,3,3,4,4,4,4,3,4,4,4,4,4,3,2
366,3,4,4,4,4,4,5,4,4,5,4,5,4,4,4,4,4,4,4,4,2
367,4,4,4,5,4,4,4,4,5,4,3,3,4,3,4,4,4,3,3,4,2
368,4,4,3,3,3,4,4,4,4,3,3,4,3,2,3,3,2,4,3,2,2
369,5,5,5,5,4,4,4,4,4,4,4,4,4,4,4,4,4,4,4,4,2
370,4,4,4,3,4,3,3,3,5,4,4,4,4,4,5,5,4,4,4,4,2
371,3,3,3,3,3,4,4,3,3,3,3,3,3,3,3,3,4,4,3,4,2
372,4,4,3,4,4,4,4,4,4,3,3,3,3,3,3,3,4,4,4,4,2
373,4,4,4,4,5,4,4,3,3,3,4,4,4,4,4,4,4,4,4,4,2
374,4,4,4,4,3,3,3,3,4,4,4,4,4,4,4,4,3,3,5,5,2
375,4,4,5,5,4,4,4,4,4,4,4,4,4,5,5,4,4,4,4,4,2
376,3,2,2,3,2,3,2,1,3,2,3,3,1,3,1,2,3,2,2,1,2
377,4,2,2,4,4,4,4,4,3,5,4,4,3,3,1,2,2,3,3,2,2
378,4,4,4,4,3,3,3,3,4,3,2,2,4,4,4,4,3,3,3,2,2
379,2,3,3,4,4,4,2,3,2,3,3,3,4,3,1,1,3,3,2,1,2
380,2,2,2,2,4,3,2,3,2,2,2,2,2,2,1,1,1,1,4,2,2
381,4,4,4,4,3,3,3,3,3,3,3,3,2,2,2,2,2,2,2,2,2
382,4,4,4,3,4,4,2,4,3,4,3,3,3,4,3,3,3,3,3,4,2
383,3,3,3,4,4,4,3,3,3,4,4,3,2,3,3,2,2,2,3,2,2
384,2,4,4,4,3,2,2,2,4,4,4,1,2,4,2,2,3,3,4,2,2
385,4,3,3,3,3,4,2,3,3,2,2,3,4,3,2,2,3,3,3,3,2
386,2,2,2,3,2,3,1,2,2,3,4,3,2,2,1,2,2,2,2,2,2
387,3,3,4,3,3,4,4,3,4,4,4,5,3,3,3,3,3,2,3,3,2
388,3,4,3,4,4,4,4,3,4,3,3,4,3,4,3,4,4,2,3,3,2
389,4,4,3,4,4,4,4,4,3,4,3,3,4,4,4,3,3,4,4,3,2
390,3,3,4,4,3,4,3,2,3,3,4,2,3,4,2,3,3,4,3,3,2
391,3,4,3,4,4,4,3,3,3,3,3,3,2,2,2,2,3,2,3,2,2
392,3,3,3,3,4,4,3,4,4,4,4,3,3,3,3,3,3,3,4,3,2
393,3,3,3,4,4,3,3,3,3,3,3,4,3,3,3,3,4,4,4,3,2
394,2,3,3,4,3,3,3,3,3,4,4,3,2,4,2,3,4,4,3,4,2
395,3,4,4,4,2,4,3,2,3,4,4,3,3,4,2,4,4,5,4,2,2
396,4,3,3,3,4,4,4,5,3,4,4,4,4,4,3,4,4,4,4,3,2
397,3,4,3,4,4,4,4,4,4,4,3,4,3,3,3,4,3,4,3,3,2
398,3,3,3,3,4,4,4,3,3,3,3,3,3,4,4,3,3,3,3,3,2
399,3,3,4,4,3,3,2,3,3,2,2,2,3,4,4,3,3,4,3,3,2
400,3,3,3,2,4,4,4,4,2,3,3,4,2,2,2,3,3,3,2,3,2
401,3,4,4,4,4,4,4,4,3,3,3,3,2,3,3,3,4,4,4,4,2
402,5,4,4,4,4,4,4,4,3,3,3,3,3,3,3,2,3,3,5,3,2
403,4,4,4,4,3,3,3,3,4,3,3,2,4,3,1,2,4,2,3,1,2
404,3,4,4,3,4,5,4,4,4,3,4,4,5,4,5,4,4,4,3,4,2
405,3,2,2,3,4,4,4,3,1,3,2,3,1,2,2,3,1,2,3,2,2
406,1,1,2,3,1,2,3,3,2,2,2,1,2,3,1,1,1,2,2,2,2
407,4,4,3,4,4,3,3,3,5,4,4,5,4,3,4,4,4,3,5,3,2
408,3,3,3,4,3,3,4,4,3,3,4,3,3,4,3,3,4,4,3,3,2
409,3,3,3,3,4,3,3,3,4,4,2,3,3,3,2,3,3,3,4,3,2
410,2,1,2,3,2,2,3,3,2,2,3,3,3,3,2,3,3,2,3,3,2
411,2,3,2,2,3,3,2,2,2,2,2,3,2,2,1,2,1,2,2,3,2
412,2,2,3,2,3,2,3,3,2,2,2,2,3,4,3,2,2,3,2,3,2
413,3,2,4,4,3,3,2,2,4,3,4,2,4,3,4,2,2,3,5,3,2
414,5,5,5,5,4,4,3,4,4,4,4,3,3,3,3,4,4,3,4,3,2
415,4,4,4,4,4,4,3,3,3,4,3,3,3,3,3,3,3,4,4,3,2
416,2,2,2,2,2,2,2,2,2,2,2,2,3,3,2,2,4,4,3,4,2
417,5,5,5,5,5,5,5,5,5,4,3,3,4,4,3,2,5,5,5,3,2
418,1,1,3,3,2,2,2,2,3,3,3,3,2,2,2,2,2,2,2,2,2
419,3,4,4,4,4,4,3,3,3,5,5,4,3,3,3,3,2,3,3,2,2
420,3,3,3,3,3,4,3,3,4,3,4,3,3,4,3,3,3,4,3,3,2
421,4,3,3,3,4,3,4,3,4,3,4,3,4,3,3,3,3,3,4,2,2
422,2,4,4,4,4,4,3,2,4,1,3,5,4,3,4,2,2,3,4,3,2
423,1,2,3,1,1,1,2,2,3,3,2,3,3,3,3,4,4,3,4,4,2
424,3,3,3,4,4,4,4,4,4,4,3,4,3,3,2,2,4,4,4,2,2
425,5,4,5,5,4,4,4,4,3,4,4,4,4,4,3,3,4,4,4,3,2
426,2,4,4,5,3,3,2,3,4,4,2,1,2,3,3,1,4,3,4,2,2
427,4,4,3,3,4,4,4,3,3,3,4,3,4,3,4,4,4,4,3,4,2
428,3,4,4,3,3,3,2,3,3,3,4,4,3,2,4,3,3,4,3,3,2
429,3,3,3,3,4,4,3,4,3,3,3,3,3,3,4,4,3,3,3,3,2
430,3,3,3,3,3,3,3,3,3,3,3,3,2,2,3,3,3,3,3,3,2
431,3,3,3,3,3,3,3,3,4,4,3,3,3,3,3,3,3,3,3,3,2
432,3,3,4,3,4,3,3,4,3,3,3,4,3,4,4,3,4,4,3,4,2
433,2,3,3,2,2,2,2,2,2,2,3,3,2,2,2,2,2,3,2,3,2
434,4,4,4,4,5,4,3,1,1,4,4,5,3,3,3,2,4,4,3,4,2
435,3,3,2,3,2,2,2,2,2,2,3,3,2,3,2,2,3,3,3,2,2
436,4,4,5,4,3,3,3,3,4,4,5,3,4,4,4,3,4,4,4,4,2
437,3,2,4,3,3,3,4,3,3,2,4,4,3,3,3,2,3,3,3,3,2
438,2,2,2,2,3,2,3,3,3,4,3,2,2,3,2,2,3,2,3,2,2
439,4,3,5,2,3,4,2,4,2,4,3,2,3,4,2,5,4,4,3,3,2
440,3,4,3,4,2,3,4,2,4,3,2,4,2,3,2,4,3,4,2,4,2
441,4,4,4,3,4,4,4,3,4,4,4,3,3,4,3,4,3,4,3,4,2
442,4,4,5,5,4,4,4,4,3,5,4,4,4,4,3,2,3,2,3,4,2
443,4,4,4,4,3,4,4,4,2,3,4,4,2,2,2,2,3,3,4,3,2
444,4,3,5,5,4,5,4,4,3,3,4,4,4,5,5,5,4,4,3,4,2
445,3,4,4,4,3,4,3,4,4,4,4,4,4,4,3,3,4,4,4,4,2
446,2,3,3,5,4,4,2,3,5,4,3,4,4,4,3,4,5,4,4,4,2
447,5,4,5,4,5,5,4,4,4,4,4,3,3,5,3,3,3,5,5,2,2
448,3,4,3,3,3,3,3,3,4,3,3,3,4,4,3,3,4,4,4,3,2
449,4,4,4,5,4,4,4,4,4,4,4,4,2,2,3,3,3,3,2,3,2
450,5,4,4,4,4,4,4,4,4,4,4,4,4,4,4,4,4,4,4,4,2
451,4,4,4,4,4,5,5,4,4,5,4,4,4,4,4,5,5,3,5,4,2
452,2,2,2,3,3,4,4,3,3,3,3,2,3,3,3,3,3,3,3,3,2
453,2,2,2,1,1,2,2,1,1,1,2,1,2,2,1,1,1,1,1,1,2
454,3,3,3,3,3,3,3,3,3,3,3,3,3,3,3,3,3,3,3,3,2
455,4,4,5,5,5,5,5,5,5,5,5,4,3,4,4,4,4,4,4,4,2
456,2,2,2,2,2,2,2,2,2,2,2,2,2,2,2,2,2,2,2,2,2
457,4,5,5,4,5,5,4,5,4,4,4,3,4,5,4,4,4,3,3,4,2
458,2,3,3,2,2,3,2,2,3,3,3,3,1,1,1,1,3,3,2,4,2
459,3,2,4,3,2,2,2,2,4,3,3,3,3,3,3,2,3,4,4,2,2
460,4,4,5,4,4,4,4,4,3,3,5,3,3,3,5,5,5,5,5,4,2
461,4,4,3,3,5,4,5,5,4,4,4,4,4,4,3,5,5,5,4,4,2
462,3,3,4,5,5,4,5,5,5,4,4,5,5,4,3,3,3,3,3,4,2
463,4,4,4,4,4,5,5,5,4,4,4,4,5,5,4,4,4,4,4,4,2
464,4,4,5,5,5,4,4,5,4,4,4,4,4,4,4,3,3,3,3,3,2
465,2,3,4,1,2,4,5,3,2,1,3,4,3,2,1,2,2,3,4,1,2
466,1,3,2,2,3,4,2,1,2,4,3,5,1,3,3,4,4,3,4,4,2
467,4,2,3,1,2,3,4,1,2,3,3,2,3,2,4,5,3,2,5,1,2
468,2,3,1,2,4,3,1,5,3,2,4,3,3,4,5,1,2,4,3,3,2
469,4,4,5,5,5,5,5,5,3,3,3,3,4,4,4,5,4,4,3,4,2
470,3,3,4,4,4,5,5,5,5,5,4,4,5,5,4,4,4,4,4,4,2
471,4,4,4,4,4,5,4,4,4,4,4,4,4,5,5,5,3,4,4,3,2
472,5,5,5,5,4,3,3,4,5,4,4,3,4,4,3,3,4,4,4,4,2
473,2,2,2,2,2,2,2,2,1,1,1,1,1,1,1,1,1,1,1,1,2
474,4,5,5,4,4,4,4,5,5,4,4,5,5,5,4,4,3,3,3,1,2
475,4,5,5,4,4,4,5,5,5,5,4,4,4,4,4,4,2,2,2,2,2
476,4,2,4,5,5,4,4,5,5,5,5,5,4,4,5,4,4,4,5,4,2
477,2,1,1,3,2,2,2,1,1,1,1,1,2,2,2,1,1,1,1,2,2
478,2,2,1,1,2,1,2,2,1,1,1,1,1,1,1,1,1,1,1,1,2
479,4,3,3,5,4,4,5,5,5,5,5,4,3,3,3,3,3,2,2,2,2
480,2,3,3,4,3,4,4,3,4,5,4,3,2,2,3,3,3,3,3,4,2
481,4,5,5,4,4,4,3,3,3,5,5,4,4,5,5,5,4,4,4,4,2
482,2,2,1,1,2,3,3,2,2,4,5,4,4,4,3,3,3,3,3,5,2
483,5,4,4,5,5,5,4,4,4,5,5,5,4,4,4,4,3,3,3,4,2
484,2,2,3,4,4,3,3,2,2,3,3,2,3,4,3,3,3,3,3,2,2
485,2,2,1,1,1,1,1,1,1,1,1,1,1,1,1,1,1,1,1,1,2
486,2,3,3,3,3,3,3,3,3,2,2,2,2,2,4,4,3,2,2,2,2
487,2,2,1,1,1,2,2,1,1,3,3,2,2,2,3,3,2,2,1,2,2
488,4,3,3,4,4,4,5,4,4,4,4,4,4,3,3,3,4,4,4,4,2
489,1,3,2,4,4,3,2,3,1,2,3,4,2,3,1,1,2,3,2,2,2
490,3,3,3,3,3,3,2,2,4,4,4,4,4,4,3,2,4,3,3,4,2
491,5,5,4,5,4,4,5,5,4,4,4,3,4,5,4,4,3,3,3,5,2
492,4,4,5,5,4,5,5,5,4,5,5,4,5,5,5,5,5,5,5,4,2
493,4,4,5,5,5,5,5,5,4,4,5,5,5,5,4,4,4,4,4,4,2
494,3,2,2,3,4,4,4,3,4,4,3,3,2,2,1,1,1,2,2,2,2
495,4,5,5,5,4,4,4,4,4,3,3,3,3,3,3,3,3,4,4,3,2
496,3,3,4,4,4,4,4,4,5,5,5,5,4,4,4,4,5,5,5,5,2
497,4,3,4,3,3,3,3,3,4,4,3,4,3,3,3,4,3,3,2,2,2
498,3,2,4,3,2,3,3,3,4,4,4,3,2,2,2,2,4,4,3,3,2
499,3,3,4,4,3,4,4,4,3,3,3,4,4,3,2,2,3,3,3,4,2
500,2,3,3,3,2,3,3,3,3,2,2,4,4,4,3,2,4,4,4,4,2
501,3,3,4,4,3,3,3,3,3,2,3,3,3,4,4,3,4,4,3,2,2
502,2,3,3,3,4,3,3,3,2,3,3,3,2,2,4,4,4,4,3,1,2
503,4,3,3,4,3,3,4,4,4,3,3,5,3,4,4,2,3,4,4,3,2
504,4,3,3,2,4,4,4,3,2,2,3,2,2,2,2,2,3,3,3,2,2
505,2,3,2,3,2,2,2,2,3,4,4,3,2,3,3,2,2,2,3,1,2
506,3,4,4,5,3,4,3,2,3,5,4,1,3,2,2,2,2,3,4,3,2
507,4,5,3,3,3,3,3,3,3,3,3,3,3,3,3,3,3,3,3,3,2
508,2,1,1,1,2,2,2,1,1,2,2,2,2,2,2,1,1,1,2,1,2
509,4,3,3,2,2,3,4,4,4,3,3,4,4,4,5,4,4,4,3,3,2
510,4,4,5,4,4,4,3,4,3,4,4,5,4,5,5,4,4,5,5,4,2
511,4,5,5,4,4,5,5,5,4,4,4,4,5,5,5,5,5,5,5,4,2
512,4,5,5,4,4,4,4,4,4,5,5,4,5,5,5,5,4,4,4,5,2
513,4,5,4,3,3,4,5,5,5,5,4,5,5,4,4,4,5,4,3,4,2
514,4,3,4,4,3,3,3,3,4,3,3,3,3,3,3,3,3,3,3,3,2
515,3,3,3,4,3,3,3,3,4,4,4,4,5,3,2,2,4,4,3,4,2
516,3,4,3,4,4,5,4,3,3,3,3,3,2,3,2,3,2,3,3,2,2
517,3,3,3,3,3,3,3,3,3,4,4,3,3,3,3,2,3,2,3,4,2
518,4,3,4,3,4,5,5,3,4,3,4,3,4,3,3,3,4,3,4,4,2
519,3,3,4,3,4,4,3,4,3,3,4,4,2,3,3,3,4,4,4,3,2
520,3,3,3,4,3,3,3,3,3,3,4,4,3,3,4,4,4,4,3,3,2
521,2,3,3,2,2,2,2,1,4,4,2,3,3,3,2,1,3,4,3,2,2
522,4,4,3,4,3,3,3,3,3,4,4,4,3,3,3,3,4,4,4,4,2
523,4,4,4,4,3,3,3,3,4,4,4,4,3,4,2,2,3,4,4,3,2
524,4,4,4,4,3,3,4,3,2,4,4,3,4,4,4,3,4,4,4,4,2
525,3,4,4,3,3,3,2,3,3,3,3,3,3,3,3,2,3,3,3,3,2
526,2,2,2,2,2,2,2,2,2,3,4,2,3,2,1,1,4,3,2,2,2
527,3,3,3,3,3,2,2,3,3,2,3,3,3,4,3,3,3,3,3,3,2
528,3,3,3,3,3,3,3,3,2,4,4,4,4,3,2,2,4,4,4,2,2
529,4,4,3,3,4,4,3,4,4,4,4,5,4,4,4,3,4,4,4,4,2
530,3,4,4,4,4,4,3,3,4,4,4,4,4,3,3,2,3,3,3,3,2
531,3,3,3,3,4,4,4,4,3,3,3,3,3,4,3,3,2,3,4,3,2
532,3,3,3,4,3,3,4,5,2,3,3,3,3,2,3,2,3,3,3,3,2
533,3,3,4,3,3,3,3,3,3,4,4,5,5,3,4,3,1,4,3,4,2
534,4,3,2,1,2,1,1,1,1,1,2,2,1,1,2,1,1,1,1,1,2
535,3,3,3,3,2,3,2,3,2,2,2,3,3,3,4,3,3,4,3,3,2
536,3,2,3,2,2,2,3,3,3,3,3,4,4,4,3,4,3,4,4,4,2
537,3,3,4,4,4,4,4,4,3,2,3,2,2,2,2,3,3,3,3,2,2
538,1,2,1,2,1,2,2,2,1,2,1,2,1,1,2,2,2,3,3,3,2
539,5,4,4,4,4,3,4,5,5,3,5,4,5,4,3,3,3,4,4,4,2
540,4,4,5,5,3,3,2,2,4,5,4,5,3,3,1,3,5,3,4,2,2
541,4,4,5,5,4,4,4,4,5,5,5,5,4,4,5,3,4,4,4,3,2
542,4,3,4,4,4,4,3,3,4,3,4,3,3,3,3,3,4,4,5,3,2
543,4,4,4,4,4,4,4,4,3,4,3,3,4,4,4,4,4,4,4,3,2
544,5,5,5,5,4,3,3,3,4,3,5,5,2,2,2,2,4,1,4,3,2
545,3,3,4,3,3,2,2,2,4,3,3,3,2,3,3,2,3,3,3,3,2
546,4,3,3,4,4,2,2,3,4,4,3,3,3,2,2,2,3,4,4,2,2
547,2,2,3,3,4,3,4,4,5,4,5,4,2,3,3,3,2,3,3,4,2
548,2,3,3,4,3,2,3,2,3,2,1,2,4,4,3,3,3,2,3,2,2
549,4,3,2,3,3,2,3,3,3,4,3,2,2,2,3,2,2,3,2,2,2
550,3,4,3,4,3,4,3,5,4,4,4,3,3,3,3,3,4,3,4,4,2
551,5,5,5,5,4,4,5,4,4,5,5,5,4,4,4,4,5,4,5,4,2
552,4,3,3,3,3,3,3,3,3,3,3,3,3,3,3,3,3,3,3,3,2
553,3,3,3,3,4,3,3,4,3,2,2,2,3,3,1,1,2,2,3,3,2
554,2,3,3,3,3,2,3,3,1,3,3,3,3,2,3,3,3,3,3,2,2
555,4,3,3,4,4,3,3,4,4,4,4,3,3,4,3,4,4,4,4,4,2
556,2,1,1,1,2,2,1,1,1,2,1,1,1,1,2,2,1,1,1,1,2
557,2,2,2,2,1,1,1,1,2,2,1,1,2,1,1,2,1,1,1,2,2
558,4,4,4,5,4,4,4,4,5,4,4,4,4,4,4,4,4,4,5,4,2
559,3,3,3,3,2,2,2,2,3,3,3,4,2,2,2,1,4,2,3,4,2
560,2,3,3,4,4,3,3,4,4,4,4,3,3,3,2,2,4,4,4,4,2
561,4,4,4,3,4,3,4,3,4,3,3,3,4,4,3,4,4,4,4,3,2
562,1,2,3,3,2,3,3,3,2,2,3,4,4,3,3,2,4,2,3,4,2
563,3,2,2,2,2,2,2,2,3,3,3,3,2,2,2,2,2,2,2,2,2
564,3,3,3,3,3,2,2,3,4,4,4,4,5,3,3,2,3,5,4,5,2
565,1,1,1,1,1,1,1,1,4,2,2,3,2,2,2,1,2,2,3,1,2
566,4,4,3,4,4,5,5,4,3,2,3,4,4,5,5,5,3,4,3,3,2
567,4,4,4,5,4,4,4,4,5,5,5,5,2,3,4,4,4,4,4,2,2
568,2,2,3,3,3,3,2,3,3,3,2,2,2,2,3,2,2,2,2,1,2
569,5,5,5,5,4,4,4,4,3,3,2,2,3,3,2,2,3,3,4,2,2
570,3,2,3,4,3,4,3,3,4,4,3,4,2,2,2,3,3,4,4,2,2
571,4,4,4,4,5,4,4,4,4,5,5,4,4,5,5,4,4,4,4,4,2
572,4,4,4,4,5,5,5,4,4,5,4,4,4,3,4,4,5,4,4,5,2
573,4,3,3,4,4,4,4,3,4,4,4,5,4,4,5,4,5,4,4,4,2
574,5,5,4,4,4,5,4,4,4,4,4,4,4,5,5,4,5,5,5,4,2
575,4,4,4,4,4,5,4,5,4,4,4,4,3,3,4,3,4,4,4,3,2
576,3,2,3,3,2,3,4,4,3,3,2,3,3,3,3,3,3,3,3,3,2
577,4,3,4,4,3,3,3,3,4,4,3,3,2,2,3,2,3,3,3,3,2
578,4,4,4,5,4,4,5,4,4,4,4,5,4,4,4,4,4,4,4,4,2
579,3,4,4,4,4,4,4,3,3,4,4,3,2,3,3,4,2,2,3,3,2
580,4,3,3,4,3,4,5,4,2,4,3,5,4,3,4,3,4,3,5,3,2
581,3,4,4,3,4,4,4,4,4,3,3,3,3,3,4,3,4,4,4,4,2
582,2,2,2,2,3,3,3,3,2,3,3,4,4,3,3,2,1,3,3,4,2
583,3,3,3,4,4,5,3,3,4,3,4,5,5,3,3,3,2,4,4,3,2
584,3,3,3,3,4,3,4,3,3,4,3,5,5,5,3,3,1,3,3,4,2
585,4,4,4,4,5,4,5,3,4,4,2,2,5,5,4,3,4,3,4,3,2
586,4,3,3,4,4,4,3,5,3,3,3,2,5,4,5,3,4,4,3,3,2
587,4,3,4,3,4,4,3,3,3,3,3,4,3,4,3,4,3,4,4,3,2
588,4,4,5,5,5,4,4,5,5,5,5,4,5,4,4,5,4,5,5,4,2
589,2,3,4,3,4,3,4,3,4,3,4,3,4,4,4,3,3,3,3,3,2
590,3,2,2,2,3,2,2,2,2,3,2,2,2,3,2,2,3,2,2,1,2
591,4,4,4,5,3,3,3,3,4,4,4,5,3,4,3,4,3,4,4,4,2
592,2,1,1,1,1,2,2,1,1,1,2,2,2,2,2,1,1,2,1,2,2
593,2,2,1,1,3,2,2,1,1,2,2,1,2,2,1,1,1,2,2,1,2
594,1,1,2,1,1,2,2,2,2,2,1,1,2,1,1,2,2,2,2,2,2
595,4,4,5,5,5,4,5,5,5,5,4,4,4,4,5,4,4,4,4,3,2
596,5,5,5,5,5,5,5,5,5,5,5,5,5,5,5,5,5,4,5,4,2
597,4,3,3,3,2,3,2,3,3,3,3,3,3,3,3,3,3,3,3,3,2
598,2,1,1,2,2,1,1,2,2,2,1,1,1,1,1,1,1,1,2,1,2
599,4,4,4,4,5,5,5,5,4,5,5,5,5,4,5,3,5,4,5,5,2
600,5,5,5,5,5,5,5,5,4,5,5,4,5,5,4,5,5,4,4,5,2
601,4,3,3,3,3,3,3,3,3,3,3,3,3,3,3,3,3,3,3,3,2
602,4,3,4,4,4,4,3,3,3,3,2,2,3,3,2,2,2,2,3,3,2
603,3,3,4,3,3,4,2,3,2,3,2,2,1,3,3,2,3,2,4,2,2
604,2,3,4,1,2,3,2,1,2,3,4,3,3,4,5,4,4,3,3,2,2
605,1,2,2,3,4,3,2,3,1,2,3,4,2,3,4,2,1,2,3,5,2
606,1,1,1,1,2,2,2,2,1,1,1,1,2,2,2,1,1,1,2,1,2
607,4,5,5,5,5,4,5,4,4,5,4,5,4,4,4,4,4,4,4,4,2
608,4,2,2,3,2,2,2,2,2,2,2,2,2,3,2,2,2,2,2,2,2
609,2,1,1,1,2,2,2,1,1,2,1,1,1,1,1,2,2,2,1,1,2
610,2,2,1,1,1,2,2,1,2,2,3,2,2,1,1,2,2,2,1,1,2
611,2,2,1,2,2,2,1,1,1,1,2,2,2,1,1,1,1,1,2,2,2
612,3,4,3,4,4,4,3,4,4,3,3,3,4,3,2,2,3,4,4,4,2
613,4,4,4,4,2,2,2,2,4,4,2,2,2,3,2,2,3,2,4,3,2
614,4,4,5,3,4,2,3,2,3,3,2,2,3,3,1,1,4,4,4,2,2
615,3,3,3,3,2,2,2,2,3,3,3,3,2,3,2,2,3,4,4,3,2
616,3,3,3,2,3,3,3,3,3,4,3,3,3,2,2,2,3,3,3,2,2
617,3,3,3,3,4,4,3,3,3,3,3,4,3,3,2,2,4,3,3,3,2
618,4,4,4,4,3,2,2,3,5,4,4,4,3,2,2,2,3,4,3,4,2
619,4,3,4,5,5,5,4,4,4,4,3,4,2,3,2,2,3,4,4,4,2
620,3,3,3,3,2,2,2,3,3,3,3,4,4,4,3,4,5,5,3,3,2
621,2,2,2,2,1,1,1,1,2,3,3,3,4,1,1,1,3,2,3,1,2
622,4,3,3,4,3,3,2,2,3,3,4,4,3,2,2,2,4,4,3,4,2
623,4,4,4,4,3,3,3,3,2,2,3,3,3,2,2,2,2,2,3,1,2
624,3,3,3,3,3,3,3,3,3,3,3,3,3,3,3,3,3,3,3,3,2
625,3,3,3,4,3,3,3,3,2,2,3,3,4,4,2,3,3,3,4,3,2
626,3,4,4,4,4,4,3,3,4,3,3,3,2,2,2,2,3,3,4,2,2
627,4,4,4,4,3,3,4,2,3,4,4,3,4,4,3,3,4,3,4,3,2
628,5,4,4,4,4,4,3,4,4,3,3,3,3,3,2,3,3,3,3,3,2
629,3,3,3,3,2,2,2,2,3,3,3,3,3,2,2,2,4,4,4,3,2
630,4,4,4,4,3,4,3,4,4,4,4,4,4,3,2,2,4,3,3,3,2
631,4,4,4,4,3,5,4,4,4,3,3,3,3,4,3,4,4,3,4,4,2
632,3,3,4,3,4,4,3,3,3,2,3,3,1,1,1,1,3,3,2,4,2
633,3,2,2,2,2,2,2,2,3,3,4,3,3,4,2,1,2,2,2,4,2
634,3,2,3,2,2,2,2,2,3,3,4,2,1,2,1,1,3,3,2,2,2
635,3,4,4,5,4,4,3,4,4,5,4,4,3,4,3,3,4,4,5,3,2
636,4,3,5,3,3,3,3,4,4,4,2,3,3,3,3,3,3,3,3,3,2
637,5,5,5,5,4,4,4,3,3,4,3,3,4,4,4,4,4,3,3,3,2
638,4,4,5,2,4,4,3,2,3,2,5,3,2,3,2,1,1,3,2,4,2
639,4,5,4,4,3,3,2,2,2,3,4,4,2,3,1,1,3,2,4,2,2
640,4,3,3,3,3,3,2,2,2,3,3,2,2,2,2,2,3,3,3,2,2
641,3,3,3,3,4,4,4,3,4,5,4,3,2,2,2,2,3,3,3,2,2
642,4,4,4,4,4,4,4,4,4,4,4,4,4,4,4,4,4,3,4,4,2
643,3,4,2,3,4,3,4,3,2,2,3,4,4,4,3,3,3,2,4,3,2
644,3,3,3,4,4,3,2,3,3,3,4,5,3,2,2,4,5,3,4,3,2
645,1,1,1,1,1,1,1,1,1,1,1,1,1,1,1,1,1,1,1,1,2
646,4,4,4,4,4,3,4,3,2,3,3,3,2,3,4,4,4,3,3,4,2
647,4,4,4,5,4,3,4,4,3,4,3,4,3,4,2,3,4,3,3,4,2
648,3,3,4,4,4,5,4,4,4,4,3,3,5,5,4,3,4,3,3,5,2
649,4,4,4,4,3,4,3,4,4,3,2,3,3,2,4,4,4,3,2,3,2
650,1,2,1,2,2,2,2,2,3,2,3,4,1,2,1,3,2,2,1,1,2
651,5,5,4,4,4,3,3,3,4,4,4,3,3,3,3,4,4,4,4,3,2
652,3,4,4,4,3,4,2,2,3,2,3,3,4,4,4,3,4,4,4,4,2
653,3,4,3,3,4,4,2,2,3,4,4,3,3,3,2,2,3,4,3,2,2
654,1,1,1,1,3,3,3,3,2,3,4,4,3,3,1,1,3,2,3,1,2
655,3,3,3,4,2,3,2,2,4,4,3,3,2,2,3,2,3,2,4,2,2
656,4,4,3,5,4,5,3,4,4,3,4,4,3,3,4,4,3,2,3,3,2
657,4,4,4,4,3,3,2,4,4,4,4,4,3,2,2,1,4,4,4,2,2
658,3,3,3,4,2,3,2,3,3,2,3,3,4,3,2,2,4,3,4,1,2
659,4,4,4,4,4,4,3,4,3,4,3,3,4,4,3,3,4,4,4,4,2
660,3,4,4,4,3,3,2,2,3,3,4,3,2,2,2,2,3,2,4,2,2
661,3,3,3,3,3,3,3,3,3,3,3,4,3,3,2,2,3,2,3,3,2
662,2,2,2,3,3,2,2,4,4,3,3,2,2,2,2,2,2,3,3,3,2
663,3,3,3,3,4,3,2,3,3,2,2,2,3,3,2,2,3,2,3,4,2
664,3,3,4,4,3,4,3,4,4,3,2,2,3,3,2,2,3,4,4,4,2
665,3,3,4,4,5,5,4,4,3,4,5,3,5,4,4,4,5,5,2,4,2
666,3,3,3,3,2,2,2,2,2,3,2,4,2,3,3,2,3,2,3,2,2
667,3,3,3,3,4,4,4,4,3,3,3,3,2,2,2,2,2,2,2,2,2
668,3,3,2,3,2,3,3,3,2,3,3,3,3,3,2,2,2,3,3,3,2
669,4,4,4,4,4,4,3,3,3,4,4,4,2,2,2,2,4,4,4,2,2
670,4,4,4,4,3,3,3,3,4,4,3,3,3,3,2,2,2,3,3,2,2
671,2,4,4,4,2,2,2,2,4,3,4,4,2,2,2,2,2,2,2,2,2
672,1,3,3,2,2,3,4,3,3,4,3,4,3,3,4,2,2,4,3,4,2
673,1,1,1,1,1,1,1,1,1,1,1,1,1,1,1,1,1,1,1,1,2
674,2,2,3,3,1,1,1,1,2,4,5,4,4,5,3,2,4,4,5,4,2
675,4,5,5,2,1,1,2,3,4,3,3,2,2,2,3,4,4,3,3,1,2
676,3,2,4,3,3,2,2,1,2,3,2,1,2,1,4,5,2,1,1,3,2
677,5,5,4,4,4,4,3,3,2,5,4,3,5,4,4,5,5,5,5,5,2
678,2,2,1,2,2,1,2,2,2,1,1,2,2,2,1,1,2,2,1,2,2
679,4,4,3,4,3,4,4,4,4,3,3,4,4,4,3,4,3,4,3,3,2
680,4,4,3,3,3,2,2,3,2,3,3,2,3,3,4,3,3,4,3,2,2
681,4,4,3,4,5,5,3,4,3,4,3,3,4,4,4,2,3,3,4,3,2
682,4,3,4,4,4,4,4,4,3,3,3,3,3,3,2,3,3,4,4,3,2
683,3,3,3,3,4,4,3,3,3,4,4,4,4,4,3,3,4,3,3,3,2
684,2,3,3,3,4,3,4,3,2,3,2,3,2,1,3,2,1,3,2,1,2
685,4,3,3,4,3,4,5,5,5,3,4,4,3,3,3,3,4,3,5,3,2
686,3,3,4,3,3,3,3,3,3,4,3,3,3,3,4,3,3,3,3,3,2
687,4,4,4,4,3,3,3,3,4,4,4,4,3,3,4,2,4,3,4,3,2
688,3,3,4,4,3,4,3,3,4,3,4,3,2,4,3,3,4,4,4,3,2
689,4,3,4,4,3,3,3,3,4,3,3,2,5,5,4,3,4,4,4,4,2
690,3,3,3,3,3,2,3,4,3,2,4,3,4,3,4,3,4,4,4,3,2
691,4,4,4,4,4,4,4,4,4,4,4,4,4,4,4,4,4,4,4,4,2
692,3,3,4,4,3,3,4,3,3,3,3,3,3,3,3,3,3,4,4,4,2
693,3,3,3,3,3,3,3,3,3,4,4,3,3,4,3,2,3,3,3,4,2
694,3,3,3,3,3,3,3,3,2,3,4,3,3,4,4,3,2,3,3,3,2
695,2,2,2,2,3,2,4,4,2,1,1,5,2,1,1,2,2,3,2,4,2
696,3,3,3,3,3,3,3,3,4,4,3,3,3,4,3,3,3,3,3,3,2
697,3,3,3,3,3,4,3,3,5,4,3,3,3,3,4,3,3,4,3,3,2
698,3,3,3,3,2,2,2,3,1,2,4,3,3,3,3,3,4,2,3,4,2
699,3,3,3,3,2,2,2,3,3,3,3,3,3,3,2,2,3,3,3,3,2
700,5,4,4,4,2,2,1,1,4,4,4,4,3,3,1,1,3,3,3,1,2
701,4,4,3,3,3,3,3,3,3,3,3,3,4,4,2,2,3,3,3,4,2
702,3,4,3,4,3,4,4,4,3,2,2,1,3,5,5,5,2,2,2,3,2
703,3,3,3,3,4,4,3,3,2,2,3,3,3,3,3,3,3,3,3,4,2
704,3,3,3,3,3,3,3,3,3,3,3,3,3,3,3,3,3,3,3,3,2
705,3,3,4,3,4,4,4,4,3,3,4,3,2,3,3,4,3,3,3,3,2
706,4,4,4,4,3,3,3,3,4,4,4,4,3,4,3,2,4,4,4,2,2
707,1,1,1,1,5,5,5,5,3,5,5,5,5,5,5,3,5,5,3,3,2
708,2,2,2,2,4,4,3,3,1,4,2,2,4,3,2,1,2,4,2,2,2
709,1,1,1,1,1,1,1,1,1,1,1,1,1,1,1,1,1,1,1,1,2
710,2,2,2,3,3,3,3,2,3,2,3,2,4,3,2,2,3,2,3,3,2
711,3,3,3,3,2,2,2,2,4,3,2,3,3,4,3,3,3,2,4,4,2
712,3,3,3,3,3,3,3,3,3,3,3,3,3,3,3,3,3,3,3,3,2
713,3,3,3,3,3,3,3,3,3,3,3,3,3,3,3,3,3,3,3,3,2
714,3,3,3,3,3,3,3,3,3,3,3,3,3,3,3,3,3,3,3,3,2
715,4,4,4,4,4,4,4,4,4,4,4,4,3,3,4,3,3,3,3,2,2
716,2,3,2,4,2,3,3,3,2,4,3,2,2,2,3,4,3,2,1,2,2
717,3,4,3,3,3,3,5,3,2,3,3,2,3,5,2,3,3,3,2,3,2
718,2,2,4,3,3,3,4,2,2,3,2,3,3,4,4,2,3,3,2,3,2
719,3,5,3,3,3,3,4,2,4,3,4,3,4,3,2,3,3,4,3,3,2
720,1,1,1,1,1,1,1,1,1,1,1,1,3,2,4,3,5,3,2,3,2
721,3,4,5,3,3,3,2,3,3,3,2,3,3,3,2,2,3,3,3,3,2
722,4,4,4,4,4,4,4,4,4,4,4,4,4,4,3,3,4,4,4,3,2
723,4,4,3,4,3,4,4,3,3,3,3,2,3,2,3,4,3,3,3,3,2
724,3,4,5,4,3,3,3,3,4,3,2,3,2,3,2,3,3,4,3,2,2
725,3,3,3,4,2,2,2,3,3,3,3,2,3,3,2,2,3,2,3,3,2
726,3,4,3,3,2,3,3,2,4,3,3,3,4,3,2,3,4,3,3,4,2
727,3,3,2,3,4,4,2,3,4,4,5,4,2,3,1,3,3,3,4,3,2
728,2,3,3,4,2,3,4,3,2,3,3,3,2,2,2,2,3,2,3,2,2
729,3,3,3,3,3,3,3,3,3,3,3,3,3,3,3,3,3,3,3,3,2
730,1,3,3,3,1,1,1,1,2,2,2,2,3,1,2,1,1,1,1,2,2
